0,eggs
1,KerbalPowers
2,SkincareAddicts
3,Needafriend
4,skyrim
5,HardPornGifs
6,collegesluts
7,meme
8,TrueOffMyChest
9,EscapefromTarkov
10,DinoToys
11,JuicyOnlyfans
12,singing
13,buildapcsales
14,meme
15,unknownvideos
16,memes
17,fakealbumcovers
18,TopScience
19,politics
20,DirtySnapchat
21,TeamRedditTeams
22,aforismiecitazioni
23,RedDeer
24,synthesizers
25,interestingasfuck
26,MilitaryGfys
27,SuddenlyGay
28,pussyrating
29,PuckMoonen
30,HugeDildos
31,Tay_5
32,masters2020finallive
33,nuzlocke
34,DiscordNudes
35,FAPMAT
36,spicy
37,Maya
38,crystallized_thought
39,pembrokepines
40,boobs
41,NetflixShare
42,Overwatch
43,knockmeup
44,cyberpunkgame
45,number26bank
46,pesmobile
47,TheRealJustineOuellet
48,dogelore
49,PrequelMemes
50,BlackDesertMobile
51,nycCoronavirus
52,DnD
53,survivor
54,hearthstone
55,chubbyguysgonewild
56,camgirlsvr
57,Alua
58,onebag
59,NewSkaters
60,HelpMeFind
61,furry
62,DegradeThisPig
63,Hedgehog
64,Titties
65,AdoptMeTrading
66,analog
67,Cats_Rulez
68,giftcardexchange
69,Lenimarieehotnew
70,LickitySlit
71,StalkMarket
72,Polska
73,RotMG
74,BDSMGW
75,PixelArt
76,tf2
77,lululemon
78,OnlyFans101
79,SubscribeToMe
80,newjersey
81,Hololive
82,TheLastAirbender
83,buildapc
84,shortcuts
85,AskReddit
86,formymum
87,BiologicalLesbians
88,konachan
89,gonewild
90,orchids
91,astrologyreadings
92,drumpfisfinished
93,AbandonedPorn
94,Nipples
95,animalvideos
96,hotclub
97,pesmobile
98,Seneweb
99,sellingonline
100,Kenshi
101,UpliftingNews
102,buildapc
103,NoFap
104,westchesterpa
105,blackopscoldwar
106,MassiveTitsnAss
107,domeafavor
108,GoodRisingTweets
109,CumInTheAir
110,bostonceltics
111,memes
112,PokemonGoRaids
113,AZGoneWild
114,zbiorniktv
115,danganronpa
116,AskReddit
117,Semenretention
118,Rabbits
119,laceykingxo
120,aforismi
121,JerkOffToCelebs
122,LiminalSpace
123,videos
124,PokemonGoFriends
125,webdev
126,redditsings
127,Antiques
128,OnlyOneBoob
129,GRE
130,CallOfDutyCompanion
131,phineasandferbmemes
132,AskReddit
133,ac_newhorizons
134,SquaredCircle
135,DirtySnapchat
136,homelab
137,BookOfMormonheartland
138,VapeDisposables
139,ATBGE
140,aboogiewitdahoodie
141,ravedj
0,comics
1,memes
2,PanPorn
3,Astroneer
4,Toefeathers
5,motogp
6,ThiccerThanASnicker
7,NCAAgirls
8,AlbumCovers
9,O_Faces
10,smoking
11,NakedAsians
12,OnlyFansPromotions
13,blackdicksmatter
14,TheBestMemeBot
15,Mavericks
16,BestOfOnlyfans
17,crashbandicoot
18,DenverBroncos
19,PokemonGoFriends
20,AskOuija
21,bigasses
22,videos
23,MusicBattlestations
24,Sims4
25,SuperMarioOdyssey
26,CryptoCurrency
27,Onlyfansbbwpromo
28,PublicBoys
29,niuz
30,RoyaleHighTrading
31,assholedesign
32,Slutsofonlyfans
33,zyramains
34,crosstradingrblx
35,niuz
36,Argaming
37,Baking
38,French
39,MotorsportsReplays
40,penis
41,webcomics
42,NaughtyWives
43,NSFW411
44,FemBoys
45,TooAfraidToAsk
46,Simp_Army
47,succulentswap
48,FreeONLYFANSlinks
49,whaletail
50,OnlyFansPromotions
51,furry
52,pesmobile
53,DMAcademy
54,meme
55,RepressedGoneWild
56,ThickDick
57,fucktrump
58,memes
59,DirtyMitten
60,WannabeLinda
61,LarkinLove
62,dragonvale
63,maui
64,apexlegends
65,blursedimages
66,AutoNewspaper
67,AssholeBehindThong
68,NoStupidQuestions
69,memes
70,ShingekiNoKyojin
71,BreedingMaterial
72,Market76
73,naughtychicks
74,PokemonGoRaids
75,PeakyBlinders
76,AJR
77,Reprap
78,r4rplus
79,blender
80,Stacked
81,OnlyFansAsstastic
82,country
83,Sissies
84,beholdthemasterrace
85,HotJapanesePorn
86,PreggoPorn
87,exjw
88,Market76
89,AskReddit
90,CoronavirusCanada
91,LegalTeens
92,horror
93,snapchat
94,FetishLust
95,MaleCall_MenNSFW
96,XTale
97,FallGuysGame
98,Frasier
99,anthro
100,TheTwitterFeed
101,BirdsArentReal
102,HotMoms
103,Mommit
104,HungryButts
105,sports
106,ShinobiLife2
107,MILF_Mania
108,NewTubers
109,pcmasterrace
110,CHIBears
111,ifyoulikeblank
112,IndiansGoneWild
113,TheTwitterFeed
114,JerkOffToCelebs
115,Art
116,OnlyFans101
117,JizzLoad
118,askTO
0,elections
1,ac_newhorizons
2,Teenpussyx
3,videoslegaisonline
4,petitebeauties
5,encasedrpg
6,buildapc
7,PokemonGoRaids
8,brasilivre
9,GoForGold
10,BonerMaterial
11,HotUKGamingDeals
12,WorldofTanks
13,Costco
14,RateMyPlate
15,TributeMe
16,videoslegaisonline
17,HotUKGamingDeals
18,531Discussion
19,OtherworldLegends
20,Hellsing
21,videos
22,Finanzen
23,StreetsIsWatchin
24,TopPornNsfw
25,HotUKGamingDeals
26,streamontwitch
27,IndianHotwife
28,AssGonewild
29,reactionpics
30,thesims
31,RStudio
32,HotUKGamingDeals
33,GeekDup
34,Xiaomi
35,EuroSkincare
36,dirtyr4r
37,girlsinyogapants
38,videoslegaisonline
39,aww
40,hownottomom
41,HotUKGamingDeals
42,PleX
43,UAE
44,conspiracy
45,BHMGoneWild
46,leagueoflegends
47,HotUKGamingDeals
48,HoleWreckers
49,straightturnedgay
50,bostongonewild
51,bbcpersonals
52,Lovesac
53,gwengwiz_onlyfans
54,frogs
55,AmongUsFriendFinder
56,winkhub
57,AbruptChaos
58,OOTP
59,gonewild
60,DCSExposed
61,18nsfw
62,videoslegaisonline
63,LifeofBoris
64,MassiveCock
65,AskMuslims
66,GamingLaptops
67,nofeenews
68,MixFlop
69,nofeenews
70,Zodiac
71,OPSBL
72,Genshin_Impact
73,PoliticalHumor
74,girlsdoingnerdythings
75,YVRGoneWild
76,GayAnalPorn
77,foxholegame
78,GachaClub
79,rareinsults
80,NudesOnMotorcycles
81,germany
82,Onlyfanspromoss
83,onlyfanschicks
84,AskReddit
85,DadsGoneWild
86,Assistance
87,VALORANT
88,slutwife
89,HUEstation
90,News_HealthBiotech
91,CoronavirusUS
92,StarWars
93,Archero
94,Strava
95,GenP
96,poppunkers
97,teenagers
98,OnlyFansPromotions
99,News_Finance
100,biralikokitchen
101,JerkOffToCelebs
102,PokemonGoFriends
103,Jewelorchids
104,DadsGoneWild
105,gradeAfuckmeat
106,News_Retail
107,smallboobs
108,unpopularopinion
109,WearOS
110,RelationshipAdviceNow
111,insects
112,ProjectDiablo2
113,blackopscoldwar
114,PlayGodfall
115,MatthiasSubmissions
116,HolUp
117,MassiveCock
118,wholesomememes
119,backtickbot
120,love
121,HornyAlert
122,booty
123,dirtykiksexting
124,GachaLifeCringe
125,GirlsShowering
126,NewsfeedForWork
127,Adult_Social_Network
128,OnlyFansPromotions
129,ufc
130,NSFW_Horny
131,SellerAnon
132,TF2fashionadvice
133,chubby
134,LucidDreaming
135,steelseries
136,AsiansGoneWild
137,theyknew
138,Kanye
139,Gabby16bitSubmissions
140,donaldglover
141,DesignJobs
142,PS5
143,blursedimages
144,OnlyFansBrunette
145,wholesomememes
146,okbuddybaka
147,SlovakNews
148,pcmasterrace
149,synthesizers
150,HomeImprovement
151,AmateurSlutsGW
152,rockets
153,hardwareswap
154,memesITA
155,ASMRmusic
156,onlynudechicks
157,ButtsAndBareFeet
158,18nsfw
159,canada
160,TitsAssandNoClass
161,nealstephenson
162,StardustCrusaders
163,dirtyr4r
164,Enneagram
165,hometheater
166,AskPhotography
167,bodyperfection
168,skyrim
169,blursedimages
170,Jokes
171,OnePiece
172,knockmeup
173,AskRedditespanol
174,wowguilds
175,TXGaybrosgonewild
176,Yukinoshitayukino
177,hermionensfw
178,epistemology
179,nofeenews
180,pawg
181,GaySnapchat
182,thong
183,ucf
184,gaming
185,penis
186,SteamGameSwap
187,boxoffice
188,GirlswithNeonHair
189,Slutsofonlyfans
190,SubaruForester
191,PokemonGoFriends
192,remnantgame
193,XboxSeriesX
194,Cuckold
195,tommyinnit
196,IndianSkincareAddicts
197,Autoflowers
198,OnlyfansPacks
199,Polska
200,CelebsAtSea
201,teenagers
202,Nuxt
203,LeverGuns
204,androidapps
205,HelloInternet
206,me_irl
207,formuladank
208,Wellthatsucks
209,r4r
210,DadWouldBeProud
211,52weeksofbaking
212,nofeenews
213,OnlyFansAsstastic
214,naturaltitties
215,HolUp
216,Nirvana
217,ctebcm
218,BigBrother
219,socialmilf
220,GaySnapchat
221,airsoft
222,heraldry
223,Foofighters
224,oddlysatisfying
225,sissykik
226,DDLC
227,stepSIS
228,YouTube_startups
229,bettafish
230,earwax
231,spaceengineers
232,AllThatNSFW
233,CurvyChicks
234,xbox
235,sph
236,Cooking
237,betting
238,Beatmatch
239,BlogPromotions
240,AskReddit
241,Cuckold
242,dndmemes
243,newtothenavy
244,Youtooz
245,PokemonGoFriends
246,OnlyFansBrunette
247,vfx
248,bigtitsinbikinis
249,BBWHardcore
250,averagepenis
251,StreetsIsWatchin
252,GammerNation
253,Sat
254,LifeProTips
255,tipofmypenis
256,Curlyyred
257,PokemonGoFriends
258,Vocaloid
259,usedboxers
260,Slut
261,ghostnipples
262,biggerthanherhead
263,AbandonedPorn
264,SluttyOnlyfans
265,reactionpics
266,electrical
267,MassagePorn
268,blackopscoldwar
269,runescape
270,OnlyFansPromotions
271,botw
272,legostarwars
273,onlyfanssubscribe
274,ChivalryGame
275,ar15
276,MechanicAdvice
277,CamilleSchrier
278,MassiveCock
279,EmKay
280,twinks
281,NSFWContentPromotions
282,HugeHangers
283,cock
284,conspiracy
285,RateMyAss
286,sissykik
287,AskHistorians
288,me_irl
289,Slutsofonlyfans
290,mixedgirlnudes
291,aadm
292,ethtrader
293,TheHangingBoobs
294,bigasses
295,darkwebofficial
296,classicwow
297,PokemonGoFriends
298,Psychic
299,rarepuppers
300,AdoptMeTrading
301,UnearthedArcana
302,hentai
303,whatsthisbug
304,pop_os
305,AskDocs
306,london
307,pussy
308,LAlist
309,thyporn
310,OnlyFansBusty
311,PokemonGoFriends
312,NoRules
313,foodblogging
314,GakiNoTsukai
315,booty_queens
316,food
317,sellingonline
318,chubby
319,pics
320,LingeriePlus
321,nofeenews
322,shittyaskreddit
323,plantclinic
324,PCOSloseit
325,ArmsUp
326,FemBoys
327,webtoons
328,AnuelAA
329,Trophies
330,selflove
331,asshole
332,OpenDogTraining
333,Snowbunnysteph
334,ACTrade
335,caloriecount
336,AskReddit
337,fnv
338,WomenOfColor
339,ferrets
340,TheWildsea
0,walking
1,GunAccessoriesForSale
2,FUCKYOUINPARTICULAR
3,FreeOnlyFansPage
4,PsychedelicMentions
5,Advice
6,bigareolas
7,cursedcomments
8,relationship_advice
9,furry
10,Politics_in_Russian
11,aww
12,holdmycosmo
13,Animal_Sanctuary
14,cuck
15,hpd
16,apexlegends
17,SuperMario3DWorldFans
18,Christian_Youtube
19,joelosteenfans
20,NCT
21,EraserNipples
22,AdorableOnlyfans
23,audiophile
24,YouTube_startups
25,PokemonHallOfFame
26,mistress
27,CrestedGecko
28,onlyfansgirls101
29,perfectlycutscreams
30,quant_hft
31,drums
32,Genshin_Impact
33,Dachshund
34,webdev
35,Gachalifesexy
36,Bioshock
37,writers
38,Fantasy_Football
39,DrCreepensVault
40,Insurance
41,PlaceToBeYourself
42,altgonewild
43,katerinahartlova
44,phonerepair
45,theydidthemath
46,todayilearned
47,NoMansSkyTheGame
48,pokemongo
49,FreshNewsToday
50,SimoneRichards
51,BabesNSFW
52,pics
53,DaniDev
54,PUBGMobile
55,progun
56,OnlyFansPromotions
57,GaySnapchat
58,chubby
59,NSFWRare
60,FreshNewsToday
61,MeetNewPeopleHere
62,femdomcaptions
63,trees
64,worldnews
65,YouTubeGamers
66,Bogleheads
67,GaySnapchat
68,me_irl
69,GoneWildOnlyfans
70,cursedcomments
71,Madden
72,MacOS
73,FreshNewsToday
74,FIFA
75,STAWG
76,homelabsales
77,Jerkoff
78,conspiracy
79,gameee
80,TS_Domination
81,Showerthoughts
82,FreshNewsToday
83,OnlyOneBoob
84,ModernFashionPorn
85,gameee
86,Coffee
87,Sexsells
88,FreshNewsToday
89,gameee
90,fivenightsatfreddys
91,AskReddit
92,DeepDishFootball
93,gameee
94,FreshNewsToday
95,Winnipeg
96,tf2
97,Connecticut
98,commissions
99,SilverSpring
100,sellingonline
101,BiologicalLesbians
102,funny
103,gameee
104,NoNewNormal
105,TankPorn
106,MyTeam
107,gameee
108,FeetInYourFace
109,ImaginaryDwarves
110,wifesharing
111,teensdaily
112,GravelInstitute
113,gameee
114,RandomActsOfBlowJob
115,GaySkype
116,OnlyFans_NonNude
117,gameee
118,woooosh
119,MakeMeSufferMore
120,sexchatrooms
121,gameee
122,formula1
123,IndianHotwife
124,de
125,2000sGirls
126,Market76
127,gameee
128,Pollland
129,fut
130,puppy101
131,anything
132,whatcarshouldIbuy
133,Elisa__Aline
134,joi
135,SexyGirlsInBoots
136,memes
137,MinecraftChampionship
138,alexa
139,HighQualityGifs
140,internetparents
141,guitar_deals
142,OnlyFansAsstastic
143,HelpMeFind
144,TeamRedditTeams
145,spirituellement
146,tipofmypenis
0,Burberry
1,pcmasterrace
2,Chiraqology
3,pornstars_pro
4,srilanka
5,cursedcomments
6,LegacyAddons
7,pcmasterrace
8,Hololive
9,XXXTENTACION
10,Market76
11,aforismiecitazioni
12,FetishLife
13,Chodi
14,DirtySocialMedia
15,Aquariums
16,FreeUdemyCoupons
17,tits
18,bigareolas
19,GaySnapchat
20,sailing
21,PokemonGoFriends
22,orangebeatle
23,udemyfreebies
24,TrapsUK
25,konachan
26,FoodPorn
27,menwearingpanties
28,NBA2kMTselling
29,touhou
30,Ethiopia
31,PokemonGoFriends
32,Cursed_Images
33,News_HealthBiotech
34,AdoptMeTrading
35,playstation
36,AskReddit
37,PawgLove
38,worldGlance
39,News_Finance
40,News_Retail
41,Kaiserreich
42,Paladins
43,stardomjoshi
44,law
45,onlyfans_get_noticed
46,Blonde
47,Genshin_Impact
48,ABCDesis
49,NewsfeedForWork
50,ratemycock
51,ukthots
52,AskUK
53,medical
54,VictoriasSecretNSFW
55,learntodraw
56,dirtyr4r
57,InesHeleneLewd
58,OnlyfansPacks
59,dirtyr4r
60,Dogtraining
61,BaldursGate3
62,Huebi
63,UnsentLetters
64,DirtySnapchat
65,GayStoriesForFREE
66,ClimateMemes
67,Titties
68,pixel_phones
69,gopro
70,Bad_Hunnies
71,DarlingInTheFranxx
72,thesopranos
73,GoodRisingTweets
74,2meirl4meirl
75,AdoptMeTrading
76,memes
77,SpiritedAway
78,AutoNewspaper
79,EajParkOfficial
80,conspiracy
81,RoyaleHigh_Roblox
82,Needafriend
83,aww
84,bigasses
85,AutoNewspaper
86,AzurLewd
87,MassiveCock
88,ilanosh
89,Thritis
90,himikotoga
91,FNADART
92,FoodPorn
93,FreeOnlyFansPage
94,AutoNewspaper
95,DungeonsAndDragons
96,scottish
97,allegorithmic
98,raidsecrets
99,socalgonewild
100,HornyOnlyfans
101,dirtyr4r
102,RoyaleHigh_Roblox
103,Gintama
104,jacking
105,ratemycock
106,aforismi
107,sissykik
108,teenagers
109,LegalTeens
110,polymer80
111,ImaginaryLandscapes
112,PokemonGoFriends
113,PokemonGoRaids
114,TeslaModelY
115,PrettyDicks
116,ratemycock
117,HolUp
118,BipolarReddit
119,Pokket_Official
120,vzla
121,fivenightsatfreddys
122,JoeBiden
123,StarWars
124,webcomics
125,DontForgetTheBalls
126,cumtributes_private
127,hearthstone
128,YoutubeGamingVidPromo
129,Chinesium
130,NowInSports
131,begonias
132,DiscordNudes
133,MassiveCock
134,roblox
135,Torontology
136,MemesITARevolution
137,creepypasta
138,DunderMifflin
139,FeetInYourFace
140,PCPartsUK
141,ProjectDiablo2
142,trees
143,ethtrader
144,DirtySnapchat
145,Cthulhu
146,plantclinic
147,redditrequest
148,DndAdventureWriter
149,SouthFloridaSluts
150,RiverPorn
151,DRUM
152,hangers
153,me_irl
154,IRLgirls
155,FemalePossession
156,wnba
157,GolfRival
158,DigitalCodeSELL
159,AdoptMeRBX
160,ww2database
161,MechanicAdvice
162,foreskin
163,memes
164,RoyaleHighBeauty
165,Yojamba
166,BikiniBodies
167,collegesluts
168,GayStoriesForFREE
169,meme
170,Feminization
171,politics
172,LatinoCock
173,Cringetopia
174,Coffee
175,mbti
176,ApplyingToCollege
177,AdoptMeTrading
178,Illustration
179,OreSuki
180,HottiesX
181,iPhone12
182,buildapc
183,OnlyFansPromotions
184,downloadcodes
185,Perfect_Tits
186,Enough_Sanders_Spam
187,LegendsMemes
188,AfterEffects
189,memes
190,BarelyCovered
191,gonewild
192,MakeMeSuffer
193,AsianNSFW
194,PokemonGoRaids
195,spirituality
196,baseballcards
197,DiscordAdvertising
198,dirtyr4r
199,memes
200,PornSelected
201,McMaster
202,NSFWFunny
203,NSFW_Tributes
204,usedsocks
205,LaCasaDePapel
206,comics
207,XboxSeriesX
208,HornyOnlyfans
209,Mattress
210,ExplainAFilmPlotBadly
211,vegetarianfoodporn
212,Crypto_General
213,WetlanderHumor
214,penis
215,guilded
216,mbti
217,clevercomebacks
218,niuz
219,AskReddit
220,HomeImprovement
221,amIuglyBrutallyHonest
222,OnlyFansBusty
223,bboymusic
224,HelpMeFind
225,OnlyFansAsstastic
226,Onlyfanspromoss
227,relationship_advice
228,NSFWGirlsInAction
229,CountOnceADay
230,pansexual
231,formula1
232,Spanish
233,Market76
234,onlyfansgirls101
235,DirtySexyKikPals
236,Brawlstars
237,musicsuggestions
0,MusicFeedback
1,csgo
2,plantclinic
3,ImaginaryInteriors
4,bimbofetish
5,Conservative
6,blackbookgraffiti
7,KingdomHearts
8,vexillology
9,MassiveCock
10,pawg
11,BorderlandsGuns
12,PokemonGoFriends
13,securityguards
14,burdurland
15,penis
16,UnethicalLifeProTips
17,formymum
18,Slut
19,CryptoCurrency
20,TransyTalk
21,GachaLifeCringe
22,SLUTSANDCUMDUMPS
23,houseplants
24,danganronpa
25,LaBeauteFeminine
26,OnlyFansPromotions
27,fundraiser
28,army
29,DadsGoneWild
30,microgrowery
31,KGBTR
32,Whatisthis
33,KrewReacts
34,DirtySnapchat
35,InternetFriends
36,OnlyfansPacks
37,animememes
38,shrooms
39,AskReddit
40,unpopularopinion
41,OnlyfansPacks
42,AdoptMeTrading
43,tax
44,FetishLust
45,PublicFreakout
46,DeadlyClass
47,OnlyFansAsstastic
48,JackSucksAtLife
49,Ayonnarenee
50,NewYouTubeChannels
51,Jolympias
52,WriteStreak
53,RoyaleHighTrading
54,NativeAmerican
55,CalamityMod
56,cock
57,whatisthiscar
58,SmallYTChannel
59,AlisonBrie
60,AnythingGoesNews
61,KGBTR
62,touhou
63,Altgirlsonlyfans
64,TheInflationStation
65,Goldfish
66,CrankGameplays
67,Brawlstars
68,BlondeHairDarkBrow
69,SatxBroJobs
70,indianentsourcing
71,Cross_Trading_Roblox
72,OnlyFansPromotions
73,aww
74,nostalgia
75,FlirtyWife
76,InnocentlyNaughty
77,GaySnapchat
78,Wife2share
79,EveryCopyPersonalized
80,Baking
81,OnePiece
82,Davie504
83,puffynipples
84,sextingsnapchat
85,ToolBand
86,ACVillager
87,Feminisme
88,Markiplier
89,occupywallstreet
90,twitchstreams
91,RedheadGifs
92,FashionReps
93,FoodvideosNORULES
94,avantgarde
95,IWantToBeHerHentai
96,AccidentalRacism
97,AskReddit
98,TooAfraidToAsk
99,NoStupidQuestions
100,VIZIO_Official
101,Pikmin
102,GaySnapchaters
103,SuzieGrime
104,highschool
105,TotalBabes
106,BuyMyContent
107,dxm
108,Polaroid
109,Poems
110,SocialMediachicks
111,pokemontrades
112,skits
113,SimoneRichards
114,discordserver
115,SuperMegaShow
116,Watchexchange
117,playingcards
118,Trumpgret
119,singing
120,cumtributes_private
121,slutwife
122,IrishDrinkingSong
123,DestinyTheGame
124,tanlines
125,GreenAndPleasant
126,Dentistry
127,pregnant
128,thewitcher3
129,pcmasterrace
130,BeAmazed
131,naturaltitties
132,aww
133,AskReddit
134,Jokes
135,Bad_Hunnies
136,SteamGameSwap
137,TheLeftCantMeme
138,learnmath
139,adoptmeroblox
140,Fantasy_Football
141,PremierePro
142,travisscott
143,aww
0,solotravel
1,comicbookart
2,howimetyourmother
3,playadelcarmen
4,HomeDepot
5,SpiderManPorn
6,conspiracy
7,ProCreate
8,discordapp
9,therewasanattempt
10,apexlegends
11,OnePieceTC
12,RocketLeagueExchange
13,NoFap
14,Hotchickswithtattoos
15,whatsthisbug
16,Warhammer40k
17,TMNT
18,pussy
19,itookapicture
20,rosenheim
21,pussy
22,HolUp
23,hotguyswithtattoos
24,Showerthoughts
25,Teenpussyx
26,Genshin_Impact
27,CryptoAirdrop
28,FioraMains
29,onewordeach
30,ConstructionTech
31,tmobile
32,ramen
33,armpitfetish
34,CryptoAirdrop
35,F4M1
36,NudeInPublic
37,SuggestALaptop
38,AbsoluteWeapons
39,Techfeed
40,manchester
41,ATBGE
42,OnePiece
43,Jokes
44,Porn_Chronicles
45,AskReddit
46,AlexisTexas
47,TeamRedditTeams
48,formula1
49,cscareerquestions
50,SexClusive
51,HUEstation
52,thighhighs
53,AskReddit
54,memes
55,memes
56,GBr4r
57,UpliftingNews
58,OroPocket
59,2007scape
60,PokemonGoFriends
61,lingerie
62,PcBuild
63,perfectlycutscreams
64,DanceDanceRevolution
65,PatriotTV
66,nextfuckinglevel
67,memes
68,Technoblade
69,Showerthoughts
70,ReactorIdle
71,ACValhalla
72,wifepictrading
73,GearTrade
74,Slut
75,BDSMGW
76,pornID
77,ratemycock
78,BigTitBitches
79,BigCityGreens
80,metalworking
81,Hololive
82,retrogaming
83,Eyebleach
84,NSFWverifiedamateurs
85,OnlyFansInked
86,FreeOnlyFansPage
87,TinyTits
88,KindredRule34
89,PokemonSwordAndShield
90,Showerthoughts
91,memes
92,fantasyfootballadvice
93,howtonotgiveafuck
94,Bigblackcocknow
95,AskDocs
96,GunAccessoriesForSale
97,DErwachsen
98,MementoUnusAnnus
99,Art
100,aww
101,CockTributes
102,XGirlsPorn
103,mildlyinteresting
104,OnlyfansPacks
105,ShitPostCrusaders
106,Hotwife
107,mobilerepair
108,Onlyfanspromo2
109,muslimhinduxxx
110,RateMyAss
111,OnlyFansAsstastic
112,SummersFriends
113,fakecartridges
114,AlphaMalePorn
115,BrigitteMains
116,RemarkableTablet
117,Bloodstained
118,animememes
119,Snacksss
120,ACTrade
121,Phatasswhitegirls
122,ThickDick
123,SteamGameSwap
124,FurryKikPals
125,DashAndLily
126,asexuality
127,FetishLife
128,Covetfashion
129,booty_queens
130,Genshin_Impact
131,PittieSmiles
132,SlimandStacked
133,doordash
134,SmartThings
135,VentureKraft
136,askmath
137,supergirlTV
138,watershipdown
139,Music
