index,subreddit
0,naughtychicks
1,BBWCream
2,nordvpn
3,RDRPhotography
4,Music
5,BBCsissies
6,toradora
7,AutoNewspaper
8,armwrestling
9,pens
10,GaySnapchat
11,christmas
12,MassiveCock
13,urbanplanning
14,wisconsin
15,NSFW_Amazing
16,cowboys
17,OKcasualencounters
18,TheOwlHouse
19,trashy
20,GaySnapchat
21,FrogButt
22,FIFA
23,ageofsigmar
24,ACVillagerExchange
25,canadients
26,Psychonaut
27,nvidia
28,DigitalArt
29,pokerrrr2
30,memes
31,Eyebleach
32,jacking
33,AutoNewspaper
34,todayilearned
35,90sHipHop
36,NoNutNovemberHardMode
37,memes
38,MatthiasSubmissions
39,GCTRep
40,Aquariums
41,centristvexillology
42,asexuality
43,THPSCAP
44,HomeworkHelp
45,classicwow
46,granturismo
47,MilfPawg
48,AutoNewspaper
49,rimesegate
50,FinancialPlanning
51,hugeasses
52,polls
53,Crystals
54,naturaltitties
55,TheBlackList
56,buildapc
57,borderlands3
58,politics
59,XPornVIP
60,PoliticalCompass
61,BisexualFantasy
62,Gothgonewild
63,Miata
64,naughtychicks
65,LegendsOfRuneterra
66,AutoNewspaper
67,travelinghoppy
68,AtmosphericDnB
69,TopScience
70,KingdomDeath
71,Onision
72,femalehairadvice
73,braziliangirls
74,MatthiasSubmissions
75,SnapchatXXX
76,PokemonTCG
77,Sexfight
78,UrinatingTree
79,Art
80,FitModels
81,tvPlus
82,AdorableOnlyfans
83,halomods
84,AskOuija
85,newsbotbot
86,trapmuzik
87,Conservative
88,ParamotorTV
89,PokemonROMhacks
90,Rainbow6
91,SnapStreaks
92,Everton
93,AdorableOnlyfans
94,madisonwi
95,newsbotbot
96,milfhub
97,JhinMains
98,Art
99,Electropop
100,VerifiedAmateurs
101,WWEGames
102,AutoNewspaper
103,InstacartShoppers
104,newsbotbot
105,memes
106,studentsagainstsleep
107,Sugardaddywebsitee
108,USCensus2020
109,CustomPCBuilding
110,gunpolitics
111,EestiMentioned
112,newsbotbot
113,milfhub
114,AutoNewspaper
115,BigBadBootyBabes
116,FIFA20UltimateTeam
117,GoneWildBrunettes
118,aww
119,beats
120,speedrun
121,KGBTR
122,newsbotbot
123,roblox_arsenal
124,HVAC
125,SPCE
126,TheOwlHouse
127,newsbotbot
128,wwwvideos
129,AutoNewspaper
130,AskReddit
131,milfhub
132,KGBTR
133,listentothis
134,AskReddit
135,redstone
136,cuteasfuckbutclothed
137,Destiny
138,simonfraser
139,classified
140,newsbotbot
141,Nonbinaryteens
142,BaddestGirls
143,ZombsRoyale
144,BestSnapchatNudes
145,xbiking
146,newsbotbot
147,PS4
148,TombRaider
149,Bulges
150,PokemonSwordAndShield
151,summonerschool
152,woodworking
153,insanepeoplefacebook
154,milfhub
155,AutoNewspaper
156,tbulges
157,newsbotbot
158,tipofmypenis
159,LBACred
160,tbtl
161,SouthJersey
162,privacy
163,AutoNewspaper
164,newsbotbot
165,Hololive
166,Doom
167,burdurland
168,DeepFriedMemes
169,teenagers
170,YouTube_startups
171,RoyaleRecruit
172,DirtySnapchat
173,mturk
174,OnlyFansPromotions
175,h3h3productions
176,Notion
177,manass
178,confession
179,funny
180,detroitlions
181,newsbotbot
182,teenagers
183,perfectletters
184,milfhub
185,buildapc
186,AutoNewspaper
187,relationship_advice
188,Beardsandboners
189,Makeup
190,TheLetterH
191,PokemonGoRaids
192,dankmeme
193,USWNT
194,wyzecam
195,FocusRS
196,AdorableOnlyfans
197,newsbotbot
198,Carving
199,CCP_virus
200,NBA2kMTselling
201,ChristmasMusic
202,happygirls
203,xqcow
204,playboicarti
205,foodhacks
206,onlyfans_get_noticed
207,AskHistorians
208,HandmadeForSale
209,Upskirt
210,sissypersonals
211,newsbotbot
212,BIGTREETECH
213,OpiatesRecovery
214,gamegrumps
215,hakkaten
216,Newark
217,Chiraqology
218,PoliticalHumour
219,ps3homebrew
220,cyprus
221,newsbotbot
222,milfhub
223,AssJob
224,JellesMarbleRuns
225,SexMagickInspiration
226,MatthiasSubmissions
227,newsbotbot
228,pokemongoyellow
229,whatsthisrock
230,meirl
231,fsu
232,dankmemes
233,fossilid
234,Grimdank
235,Phatasswhitegirls
236,Moo_pop
237,Warframe
238,bbnomula
239,AdoptMeTradingRoblox
240,MatthiasSubmissions
241,distantsocializing
242,FPGA
243,bapeheads
244,newsbotbot
245,fractals
246,BoxerBriefsMen
247,Rainbow6
248,BlackOwnedSissies
249,HoustonPlatonicR4R
250,AdvertiseYourVideos
251,milfhub
252,WestVirginia
253,wifeshare
254,Narumitsu
255,fut
256,newsbotbot
257,Onlyfans_Promo
258,PoliticalHumor
259,lingeriewomen
260,Naruto
261,polls
262,PornstarVSPornstar
263,AutoNewspaper
264,BudgetAudiophile
265,AskReddit
266,memesITA
267,politics
268,newsbotbot
269,AltGreece
270,acting
271,playarkmobile
272,memes
273,AutoNewspaper
274,pacers
275,newsbotbot
276,dankmemes
277,milfhub
278,AttachmentParenting
279,Amoledbackgrounds
280,TeenMomOGandTeenMom2
281,Art
282,SellerAnon
283,dancingwiththestars
284,AssConquer
285,Laurenlovinyou
286,PokemonGoRaids
287,wholesomememes
288,Forex
289,pcmasterrace
290,SiegeAcademy
291,retroid
292,ainbow
293,HaloCustoms
294,vexillology
295,AmongUs
296,BestCamSluts
297,HoleWreckers
298,IKEA
299,deadrising
300,OverwatchUniversity
301,PetiteNSFW
302,hotguyswithtattoos
303,BisexualFantasy
304,SluttyOnlyfans
305,milfhub
306,neoliberal
307,Incelselfie
308,YouTubeEditorsForHire
309,tumblr
310,BrownHotties
311,raiders
312,CrankGameplays
313,Quebec
314,Goldfish
315,thenewcoldwar
316,socialskills
317,AmazonWFShoppers
318,teenagers
319,ausenviro
320,memes
321,istp
322,ZeroWaste
323,PS5
324,teenagers
325,RealCalifornia
326,SocialMediachicks
327,camphalfblood
328,Slowcore
329,BigAnimeTiddies
330,milfhub
331,RoyaleHighTrading
332,AskAnAmerican
333,ps2
334,HairyArmpits
335,DestinyClanFinder
336,sleeptrain
337,C25K
338,PussyAssTitsLover
339,JuJutsuKaisen
340,aww
341,TF2fashionadvice
342,HenryStickmin
343,gatekeeping
344,macgaming
345,xbox
346,itookapicture
347,teenagersnew
348,ChurchofBorgar
349,flightradar24
350,sissykik
351,fifa20
352,politics
353,teenagers
354,stocks
355,powerrangers
356,XboxSeriesX
357,mommybully
358,Nike
359,rantmega
360,dragonvale
361,ShinobiLife2
362,kaisamains
363,collegesluts
364,listentothis
365,dueprocess
366,pics
367,TerrainBuilding
368,VirginiaGoneWild
369,SocialMediaSluts
370,MassiveCock
371,firemovies
372,PokemonSwordAndShield
373,DaniDev
374,northernireland
375,BattleJackets
376,conspiracy
377,hentai
378,binance
379,SkyshockSUB
380,moviesandtvfreelinks
381,DdlgQuotes
382,gayarizona
383,freemoviestreaminghd
384,onlyfans_get_noticed
385,MexicanasHermosas
386,florida
387,relationship_advice
388,nonutnovember
389,NSFWPublic
390,nonutnovember
391,EbonyBoobs
392,collegesluts
393,SurvivingLife
394,DigitalMarketing
395,BuyItForLife
396,soloboardgaming
397,videos
398,FinalFantasy
399,MinecraftServer
400,VersautAufKik2020
401,HotOnlyfans
402,pics
403,PetiteGoneWild
404,GreenBayPackers
405,OnlyFans_NonNude
406,WEPES
407,YeBanishedPrivateers
408,DotA2
409,Streetracing
410,rocket_league_trading
411,NaughtyChics
412,GachaLifeCringe
413,AmongUsMemes
414,FinancialPlanning
415,AquaSwapUK
416,onlyfanshottest
417,IsItBullshit
418,freelance_forhire
419,politics
420,Spiritfarer
421,FortNiteBR
422,r4r
423,Amateur
424,DigitalCodeSELL
425,Vans
426,Sacramento
427,hunks
428,boniver
429,Drizzy
430,ASMRNetwork
431,funrun
432,Bulldogs
433,BDSMpersonals
434,Humanoidencounters
435,2meirl4meirl
436,ProgrammingBuddies
437,Music
438,fountainpens
439,ACTrade
440,guysgonewild
441,systemshock
442,dynamo
443,EDC
444,titanfolk
445,Blacklabs
446,environment
447,2ALiberals
448,CheatingPorn
449,AskReddit
450,Market76
451,codyko
452,MinecraftCommands
453,needysluts
454,FordFocus
455,thewalkingdead
456,csgomarketforum
457,Fantasy_Football
458,Turkey
459,SubredditDrama
460,SexyStyle
461,Blonde
462,philipshue
463,politics
464,Zerkaa
465,memes
466,bassfishing
467,CVS
468,NoLockedThreads
469,TgirlHUB
470,HookahTrade
471,R6ProLeague
472,MBTIDating
473,teenagers
474,dankmemes
475,battlefield_4
476,IndianTeens
477,TheVideoFeed
478,AskDID
479,OnlyFans101
480,programming
481,bisexual
482,ImaginaryHalo
483,onlyfansgirls101
484,adoptareddit
485,uAlberta
486,Needafriend
487,LatinoCock
488,PlantedTank
489,PalaceClothing
490,PoliticalHumor
491,BlackOwnedSissies
492,TheStrokes
493,gamemaker
494,discordservers
495,DirtySnapchat
496,memes
497,indiansgonenude
498,NoFap
499,woodworking
500,AutoHotkey
501,pokeplush
502,NoFeeAC
503,publicnudityinfilm
504,BBWOnlyFansPromo
505,DreamLeagueSoccer
506,UFOs
507,ufc
508,StretchMarksGW
509,GamingLaptops
510,streetwear
511,fishnets
512,ask
513,AthleticBabes
514,mathrock
515,Dodocodes
516,pitbulls
517,Jung
518,HipBones
519,Theatre
520,IVF
521,nonutnovember
522,UnusAnnus
523,HomeDecorating
524,phoenix
525,army
526,nagatoro
527,dirtyr4r
528,AutoNewspaper
529,MatthiasSubmissions
530,futarp
531,burlington
532,AutoNewspaper
533,HeroscapeRPG
534,MechanicalKeyboards
535,promoteonlyfans
536,showergirls
537,Steam
538,BBWCream
539,Achievement_Hunter
540,nope
541,verizon
542,MakeNewFriendsHere
543,discexchange
544,memes
545,memes
546,LinusTechTips
547,AnimalCrossingNewHor
548,softies
549,comics
550,orslokx
551,MNGoneWild
552,stopsmoking
553,dataisbeautiful
554,WorldofTanks
555,CasualUK
556,MarriedToMedicine
557,FiveYearsatFreddys
558,OzbiljneMeme
559,Warframe
560,Minneapolis
561,webcomics
562,covidmemesarchive
563,gilf
564,TheBeatles
565,leagueoflegends
566,Innokin
567,TwitchStreaming
568,backpacking
569,houstonr4r
570,SlimThick
571,PornhubComments
572,Gamebugio
573,RocketLeagueExchange
574,etherscan
575,Nissan
576,RedditSessions
577,michigandate
578,ghostoftsushima
579,Sims4
580,classified
581,ChileArte
582,MasturbationGoneWild
583,AsianMenOnlyFans
584,EscapefromTarkov
585,OnlyFans101
586,NoStupidQuestions
587,CODZombies
588,trippy
589,firepro
590,GachaLifeCringe
591,NaughtyNerdGirls
592,AsiansGoneWild
593,PEDs
594,relationship_advice
595,airsoft
596,DamnYam
597,Beiruttime
598,lastfm
599,TwoXChromosomes
600,Onlyfanspromoss
601,bimbofetish
602,SouthFlHookup
603,JEDGamez
604,PhotoshopRequest
605,hardanal
606,AskReddit
607,MatthiasSubmissions
608,Vikkstar123
609,RedditShoppingDeals
610,DiscordNudes
611,NUjijDiscussies
612,Vent
613,hentai
614,progonlycom
615,ALEXASMORGANNN
616,WorldPacks
617,rugbyunion
618,FurryKikPals
619,lostpause
620,dirtyr4rCO
621,fantasyfootballadvice
622,Yugioh101
623,thenewboston
624,menwearingpanties
625,RandomActsOfBlowJob
626,RapMoreLikeCrap
627,CanadianInvestor
628,HVAC
629,pcmasterrace
630,AnythingGoesNews
631,steinsgate
632,botw
633,AnimeART
634,YangForPresidentHQ
635,HIVandAIDS
636,Market76
637,unknownvideos
638,MatthiasSubmissions
639,SpidermanPS4
640,comicbooks
641,desigirlswithbooties
642,JuliaBeautxActive
643,Youtooz
644,drawing
645,snapleaks
646,GearsOfWar
647,punk
648,hockeyjerseys
649,HotOnlyfans
650,FoodPorn
651,iOSthemes
652,AutoNewspaper
653,Cafe_Infinito
654,FemBoys
655,LaurenChen
656,randolphin
657,Fangsonlyfansnsfw
658,TheMilfNextdoor
659,ratemycock
660,halo
661,ASMRSex
662,Trumpvirus
663,InnocentlyNaughty
664,TempleOfMythra
665,TalesFromYourServer
666,BlackHair
667,Acura
668,miketysonmysteries
669,AskReddit
670,buildapc
671,AZCardinals
672,pumparum
673,WrestlingBreakingNews
674,NaughtyNerdGirls
675,Market76
676,ACTrade
677,TIHI
678,SexyForSale
679,WrestlingBreakingNews
680,femininasmr
681,aww
682,Absol
683,slutwife
684,projectors
685,Questrade
686,bigtiddygothgf
687,whatsthisrock
688,WrestlingBreakingNews
689,MatthiasSubmissions
690,feedthebeast
691,nursepractitioner
692,Playboy
693,HySbRoastMe
694,relationship_advice
695,Subaru_Outback
696,asshole
697,TheGirlSurvivalGuide
698,askcarsales
699,TanaMongeauOFp2
700,project1999
701,relationship_advice
702,WrestlingBreakingNews
703,DirtySocialMedia
704,gonewild
705,discordservers
706,cuck
707,missoula
708,manass
709,Market76
710,ActionFigures
711,wow
712,FABTCG
713,behindthebastards
714,Balls
715,OnlyFans101
716,TheTwitterFeed
717,couponPromocode
718,KidCudi
719,dankmemes
720,dankmemes
721,starsector
722,dirtyr4r
723,WorldofTanks
724,TapTitans2
725,kpopthoughts
726,AutoNewspaper
727,MassiveCock
728,ACVillager
729,audiophile
730,Yungn3na
731,NSFW_Wonderful
732,TheTwitterFeed
733,gaynsfw
734,AutoNewspaper
735,russia
736,MandJTV
737,eropage
738,r4r
739,UMalaga
740,covidpositive
741,GaySnapchat
742,UnusAnnus
743,pcmasterrace
744,meme
745,AutoNewspaper
746,pcmasterrace
747,worldpolitics
748,Mornd
749,GaySnapchat
750,Deathcore
751,LawSchool
752,MelissaBenoistAss
753,GaySkype
754,AutoNewspaper
755,ThatLookedExpensive
756,AskReddit
757,juicybooty
758,RedvsBlue
759,onlyfansgirls101
760,blackpinkmedia
761,NSFWStorm
762,lego
763,relationship_advice
764,RoyaleHighTrading
765,Witcher3
766,FifaMobile
767,mkxmobile
768,Jerkbuddies
769,gonewild
770,lonely
771,penis
772,Nipples
773,poppunkers
774,CreditCards
775,microgrowery
776,HemmeligeLaerke
777,accidentalswastika
778,EufyCam
779,BonFi
780,USPS
781,rant
782,WomanOrGod
783,gorillaz
784,PoliticalHumor
785,excel
786,OnlyFansCollab101
787,VerticalGifs
788,NastyaNassFans
789,DebateRightists
790,AutoNewspaper
791,Blacktittyworld
792,SquaredCircle
793,MatthiasSubmissions
794,Madden
795,desichut
796,Aquascape
797,warcraft3
798,DirtyGaming
799,DebateRightists
800,Showerthoughts
801,AutoNewspaper
802,SensualMFM
803,OnlyfansXXX
804,GenuineVeganism
805,DebateRightists
806,TheTwitterFeed
807,AutoNewspaper
808,PacksMega
809,OnlyFans_NonNude
810,FeetLoversHeaven
811,bigasses
812,furry
813,OnlyFansPetite
814,pawg
815,PokemonGoFriends
816,DebateRightists
817,saltierthankrayt
818,AutoNewspaper
819,fantasywriters
820,DebateRightists
821,DirtySnapchat
822,Need
823,rugbyunion
824,TheTwitterFeed
825,attackontitan
826,AutoNewspaper
827,BonerMaterial
828,CCP_virus
829,Sims4
830,news
831,TheTwitterFeed
832,ratemycock
833,DebateRightists
834,AutoNewspaper
835,ModernMagic
836,confidentlyincorrect
837,memes
838,bruisedladyparts
839,YOUNGPRETTYHOES2
840,AskThe_Donald
841,DebateRightists
842,RoyaleHighTrading
843,GaySnapchat
844,modeltrains
845,PokemonGoRaids
846,MonsterGirlCaps
847,XboxSeriesX
848,DebateRightists
849,handfetish
850,showergirls
851,slutwife
852,HelpMeFind
853,Pride_Castle
854,nuzlocke
855,SexyForSale
856,retrogaming
857,deadbydaylight
858,MonsterHunter
859,MatthiasSubmissions
860,DebateRightists
861,videos
862,gmu
863,NEWPOLITIC
864,cheemsburbgerlore
865,PhotoshopRequest
866,VeinyCocks
867,asshole
868,DebateRightists
869,gameflysocial
870,AhiruNoSora
871,TopDesign
872,gotlegends
873,ww2database
874,blursedimages
875,webhosting
876,tressless
877,DebateRightists
878,teenagers
879,OnlyFansAsstastic
880,witch_house
881,CrohnsDisease
882,FitNakedGirls
883,christmas
884,TwinkLove
885,FTMFitness
886,DebateRightists
887,relationship_advice
888,TwoSentenceComedy
889,AnimalCrossing
890,Gaykikpals
891,AskReddit
892,milf
893,DebateRightists
894,TopMindsOfReddit
895,roosterteeth
896,naughtychicks
897,TurkShitpost
898,needysluts
899,SpecialSnowflake
900,DirtySocialMedia
901,DebateRightists
902,HugeDildos
903,Buckfutter
904,hamsters
905,cowboys
906,Sissies
907,FreeKarma4You
908,grilling
909,DebateRightists
910,SittingThick
911,InstaGirlss
912,NHL20HUT
913,dixiedamelio
914,kiksextingg
915,mealtimevideos
916,PrequelMemes
917,virtualreality
918,politics
919,DebateRightists
920,femdompersonals
